Order_ID,Distance_km,Weather,Traffic_Level,Time_of_Day,Vehicle_Type,Preparation_Time_min,Courier_Experience_yrs,Delivery_Time_min,Total_Time,Speed
522,7.93,Windy,Low,Afternoon,Scooter,12,1.0,43,55,0.18441860465116278
738,16.42,Clear,Medium,Evening,Bike,20,2.0,84,104,0.1954761904761905
741,9.52,Foggy,Low,Night,Scooter,28,1.0,59,87,0.1613559322033898
661,7.44,Rainy,Medium,Afternoon,Scooter,5,1.0,37,42,0.20108108108108108
412,19.03,Clear,Low,Morning,Bike,16,5.0,68,84,0.2798529411764706
679,19.4,Clear,Low,Evening,Scooter,8,9.0,57,65,0.3403508771929824
627,9.52,Clear,Low,Morning,Bike,12,1.0,49,61,0.19428571428571428
514,17.39,Clear,Medium,Evening,Scooter,5,6.0,46,51,0.3780434782608696
860,1.78,Snowy,Low,Evening,Car,20,6.0,35,55,0.05085714285714286
137,10.62,Foggy,Low,Evening,Scooter,29,1.0,73,102,0.1454794520547945
812,16.86,Snowy,Medium,Afternoon,Car,13,4.0,88,101,0.1915909090909091
77,15.54,Clear,Low,Night,Bike,29,1.0,76,105,0.2044736842105263
637,10.89,Clear,High,Night,Bike,12,5.0,53,65,0.20547169811320756
974,4.69,Rainy,Medium,Evening,Scooter,12,7.0,36,48,0.1302777777777778
939,2.8,Clear,High,Morning,Scooter,10,5.0,33,43,0.08484848484848484
900,2.17,Snowy,Low,Evening,Car,15,3.0,35,50,0.062
281,17.86,Rainy,Low,Afternoon,Bike,5,1.0,50,55,0.35719999999999996
884,2.53,Snowy,Low,Morning,Bike,6,8.0,24,30,0.10541666666666666
762,6.58,Foggy,Low,Evening,Car,6,7.0,27,33,0.2437037037037037
320,5.38,Clear,Medium,Evening,Scooter,26,1.0,47,73,0.11446808510638298
550,15.56,Rainy,Low,Afternoon,Scooter,28,0.0,72,100,0.21611111111111111
175,13.08,Rainy,Low,Morning,Car,16,4.0,58,74,0.22551724137931034
372,0.86,Clear,High,Afternoon,Bike,26,5.0,37,63,0.023243243243243242
528,5.83,Clear,High,Evening,Car,27,9.0,56,83,0.10410714285714286
211,11.2,Clear,Medium,Morning,Bike,23,5.0,73,96,0.15342465753424656
236,14.59,Clear,Medium,Morning,Bike,15,6.0,64,79,0.22796875
102,12.91,Windy,Medium,Evening,Bike,11,6.0,56,67,0.2305357142857143
987,13.92,Snowy,Low,Morning,Scooter,18,4.0,70,88,0.19885714285714284
903,4.04,Snowy,Low,Night,Bike,11,9.0,70,81,0.05771428571428572
948,18.05,Clear,Medium,Evening,Scooter,10,7.0,123,133,0.1467479674796748
347,12.88,Clear,Medium,Morning,Scooter,8,5.0,52,60,0.2476923076923077
140,19.45,Rainy,High,Morning,Scooter,20,6.0,108,128,0.18009259259259258
622,4.58,Clear,High,Morning,Scooter,22,9.0,45,67,0.10177777777777777
500,19.73,Foggy,Medium,Evening,Bike,27,4.0,111,138,0.17774774774774776
371,2.47,Windy,Medium,Morning,Bike,27,2.0,44,71,0.056136363636363644
199,17.8,Snowy,Medium,Morning,Bike,16,9.0,73,89,0.24383561643835616
688,5.96,Clear,Medium,Afternoon,Bike,22,7.0,45,67,0.13244444444444445
585,12.85,Windy,Medium,Afternoon,Scooter,18,7.0,61,79,0.21065573770491802
902,1.02,Clear,Medium,Afternoon,Bike,25,4.0,34,59,0.03
60,6.84,Rainy,Medium,Night,Car,14,8.0,47,61,0.14553191489361703
329,8.68,Rainy,Medium,Morning,Bike,8,5.0,52,60,0.16692307692307692
97,10.69,Clear,Medium,Night,Bike,25,9.0,67,92,0.15955223880597014
313,0.99,Clear,Medium,Evening,Bike,15,5.0,32,47,0.0309375
975,1.11,Clear,Low,Morning,Bike,5,6.0,8,13,0.13875
300,2.16,Snowy,Low,Evening,Scooter,15,0.0,36,51,0.060000000000000005
278,13.17,Windy,Medium,Afternoon,Bike,16,4.0,67,83,0.19656716417910447
925,8.79,Snowy,Low,Night,Bike,14,6.0,43,57,0.20441860465116277
602,5.93,Clear,Low,Afternoon,Scooter,19,3.0,36,55,0.16472222222222221
440,2.09,Rainy,Low,Night,Bike,23,2.0,36,59,0.058055555555555555
838,7.57,Clear,Low,Morning,Bike,21,0.0,56,77,0.13517857142857143
571,10.52,Rainy,Medium,Afternoon,Scooter,8,4.0,56,64,0.18785714285714286
880,4.83,Rainy,Low,Morning,Car,25,9.0,47,72,0.10276595744680851
262,19.81,Snowy,Medium,Afternoon,Car,20,5.0,104,124,0.19048076923076923
579,10.1,Rainy,Low,Evening,Car,8,4.0,50,58,0.20199999999999999
24,7.64,Windy,Low,Afternoon,Car,10,8.0,31,41,0.2464516129032258
31,12.35,Clear,Low,Morning,Scooter,10,6.0,35,45,0.35285714285714287
618,5.9,Rainy,Low,Evening,Car,26,9.0,44,70,0.1340909090909091
11,0.9,Clear,Low,Afternoon,Bike,20,8.0,23,43,0.0391304347826087
222,11.58,Clear,Medium,Morning,Scooter,16,2.0,61,77,0.1898360655737705
821,16.16,Clear,High,Afternoon,Bike,11,1.0,82,93,0.19707317073170733
297,15.51,Clear,Low,Evening,Bike,17,9.0,69,86,0.22478260869565217
55,12.16,Windy,High,Evening,Scooter,11,0.0,69,80,0.17623188405797102
543,4.96,Rainy,High,Morning,Bike,21,0.0,60,81,0.08266666666666667
210,3.64,Windy,High,Evening,Bike,17,6.0,40,57,0.091
605,2.85,Clear,Low,Morning,Scooter,26,0.0,38,64,0.075
693,10.4,Clear,Low,Evening,Bike,16,4.0,52,68,0.2
663,12.31,Windy,Low,Morning,Bike,29,4.0,68,97,0.18102941176470588
867,3.53,Clear,Medium,Afternoon,Bike,13,7.0,31,44,0.11387096774193547
71,15.56,Clear,Medium,Evening,Bike,14,3.0,54,68,0.28814814814814815
544,13.6,Clear,Medium,Afternoon,Bike,27,0.0,87,114,0.15632183908045977
108,15.23,Snowy,High,Morning,Bike,5,0.0,62,67,0.2456451612903226
494,4.17,Clear,Low,Evening,Scooter,5,1.0,22,27,0.18954545454545454
591,3.21,Rainy,High,Night,Scooter,16,0.0,42,58,0.07642857142857143
742,6.38,Snowy,Low,Evening,Bike,16,1.0,111,127,0.05747747747747747
293,16.54,Rainy,Low,Afternoon,Scooter,6,7.0,51,57,0.32431372549019605
290,12.02,Clear,Low,Morning,Car,9,7.0,41,50,0.29317073170731706
653,11.94,Clear,Low,Evening,Bike,20,3.0,69,89,0.17304347826086955
40,9.08,Clear,Low,Afternoon,Scooter,14,5.0,49,63,0.1853061224489796
590,3.46,Snowy,Medium,Morning,Scooter,23,3.0,48,71,0.07208333333333333
308,6.8,Foggy,Medium,Morning,Scooter,13,7.0,46,59,0.14782608695652175
680,17.38,Rainy,Medium,Afternoon,Scooter,11,2.0,92,103,0.18891304347826085
67,3.25,Clear,Low,Morning,Bike,23,7.0,32,55,0.1015625
276,10.28,Clear,Medium,Evening,Scooter,29,3.0,71,100,0.14478873239436618
68,16.14,Clear,Low,Night,Car,6,9.0,65,71,0.2483076923076923
319,3.55,Clear,Medium,Evening,Bike,23,0.0,43,66,0.08255813953488372
549,10.65,Clear,Medium,Afternoon,Scooter,23,8.0,58,81,0.18362068965517242
999,19.03,Clear,Low,Afternoon,Car,26,5.0,68,94,0.2798529411764706
715,7.3,Clear,Low,Night,Scooter,14,7.0,28,42,0.26071428571428573
754,7.03,Clear,Low,Evening,Scooter,21,1.0,44,65,0.1597727272727273
328,12.43,Snowy,Low,Afternoon,Car,12,0.0,70,82,0.17757142857142857
383,12.76,Windy,High,Morning,Scooter,27,5.0,74,101,0.17243243243243242
452,11.39,Rainy,High,Evening,Scooter,14,1.0,72,86,0.15819444444444444
523,19.41,Clear,Low,Morning,Car,7,3.0,48,55,0.404375
219,13.17,Rainy,High,Evening,Scooter,17,8.0,69,86,0.1908695652173913
788,8.32,Rainy,Low,Afternoon,Car,12,2.0,49,61,0.16979591836734695
437,1.92,Clear,Low,Morning,Bike,8,7.0,14,22,0.13714285714285715
765,1.15,Clear,Low,Afternoon,Scooter,26,4.0,30,56,0.03833333333333333
89,17.8,Windy,High,Afternoon,Car,12,9.0,73,85,0.24383561643835616
64,7.46,Clear,Medium,Evening,Bike,8,5.0,42,50,0.17761904761904762
827,7.25,Clear,Medium,Afternoon,Scooter,18,4.0,45,63,0.16111111111111112
717,16.7,Clear,Medium,Afternoon,Scooter,28,1.0,76,104,0.21973684210526315
352,17.2,Rainy,High,Afternoon,Scooter,14,2.0,94,108,0.1829787234042553
937,0.86,Clear,Medium,Afternoon,Car,21,7.0,28,49,0.030714285714285715
257,18.76,Clear,Medium,Evening,Car,15,2.0,80,95,0.23450000000000001
636,9.22,Clear,Medium,Afternoon,Car,18,9.0,57,75,0.1617543859649123
645,2.84,Clear,Low,Evening,Scooter,24,2.0,35,59,0.08114285714285714
555,17.59,Clear,Low,Morning,Bike,24,6.0,69,93,0.2549275362318841
960,14.89,Snowy,High,Morning,Scooter,17,6.0,87,104,0.17114942528735633
169,1.3,Clear,Medium,Evening,Bike,22,4.0,31,53,0.041935483870967745
918,18.99,Rainy,High,Afternoon,Bike,10,6.0,70,80,0.27128571428571424
529,1.6,Foggy,Low,Night,Scooter,24,5.0,37,61,0.043243243243243246
824,8.26,Snowy,Low,Afternoon,Bike,15,1.0,57,72,0.14491228070175438
986,10.16,Clear,High,Night,Bike,12,5.0,52,64,0.19538461538461538
817,12.03,Clear,Medium,Morning,Car,20,5.0,65,85,0.18507692307692306
87,14.73,Rainy,Low,Afternoon,Bike,24,6.0,74,98,0.19905405405405405
433,12.56,Clear,High,Evening,Bike,17,5.0,69,86,0.1820289855072464
185,5.53,Clear,Medium,Afternoon,Bike,19,1.0,44,63,0.1256818181818182
979,10.18,Foggy,Medium,Morning,Bike,25,3.0,73,98,0.13945205479452055
535,15.5,Clear,Medium,Morning,Scooter,28,9.0,91,119,0.17032967032967034
295,2.98,Foggy,Medium,Night,Bike,11,2.0,27,38,0.11037037037037037
893,16.69,Foggy,Medium,Evening,Scooter,8,2.0,65,73,0.2567692307692308
426,11.22,Windy,High,Evening,Bike,25,5.0,79,104,0.14202531645569622
714,8.53,Clear,Low,Evening,Scooter,8,2.0,41,49,0.20804878048780487
261,12.49,Clear,Medium,Morning,Bike,25,4.0,77,102,0.16220779220779222
238,0.97,Clear,Low,Night,Scooter,24,8.0,26,50,0.037307692307692306
560,12.6,Windy,Medium,Afternoon,Car,8,6.0,58,66,0.21724137931034482
584,6.91,Clear,Medium,Evening,Scooter,28,9.0,56,84,0.12339285714285715
446,18.97,Clear,Low,Evening,Car,25,4.0,141,166,0.13453900709219857
868,4.05,Clear,Medium,Evening,Bike,20,5.0,44,64,0.09204545454545454
801,14.29,Windy,Medium,Morning,Bike,14,7.0,78,92,0.1832051282051282
600,1.3,Foggy,Low,Evening,Bike,19,5.0,29,48,0.04482758620689655
850,12.11,Rainy,Low,Morning,Bike,9,5.0,59,68,0.20525423728813558
266,14.94,Clear,Medium,Morning,Bike,11,0.0,62,73,0.24096774193548387
996,2.29,Rainy,High,Afternoon,Car,8,8.0,80,88,0.028625
530,17.36,Rainy,High,Afternoon,Bike,24,1.0,105,129,0.16533333333333333
56,18.48,Clear,Medium,Night,Bike,8,0.0,82,90,0.2253658536585366
121,16.25,Foggy,High,Morning,Bike,10,5.0,91,101,0.17857142857142858
216,5.13,Clear,Low,Morning,Car,15,4.0,30,45,0.17099999999999999
26,15.81,Clear,Low,Morning,Car,25,1.0,92,117,0.17184782608695653
73,0.61,Clear,Low,Afternoon,Scooter,10,0.0,16,26,0.038125
45,5.55,Foggy,High,Evening,Bike,18,1.0,116,134,0.047844827586206895
248,19.35,Clear,High,Morning,Bike,12,7.0,75,87,0.258
722,4.03,Clear,Medium,Evening,Bike,9,5.0,25,34,0.1612
282,7.09,Snowy,Low,Morning,Scooter,13,8.0,37,50,0.1916216216216216
894,8.25,Clear,Medium,Afternoon,Bike,7,9.0,28,35,0.29464285714285715
915,11.26,Clear,Low,Night,Bike,5,6.0,49,54,0.22979591836734695
811,19.7,Rainy,Low,Evening,Bike,10,2.0,60,70,0.3283333333333333
245,0.8,Snowy,High,Evening,Bike,14,9.0,36,50,0.022222222222222223
823,7.0,Rainy,Medium,Evening,Bike,17,9.0,49,66,0.14285714285714285
322,14.43,Clear,Medium,Morning,Car,14,4.0,113,127,0.12769911504424777
644,6.89,Rainy,Medium,Afternoon,Bike,11,6.0,43,54,0.16023255813953488
159,5.13,Foggy,Medium,Evening,Car,25,1.0,60,85,0.08549999999999999
978,1.5,Clear,Low,Afternoon,Bike,10,1.0,17,27,0.08823529411764706
430,2.78,Clear,High,Afternoon,Scooter,9,0.0,41,50,0.06780487804878048
942,11.31,Clear,Medium,Evening,Bike,7,0.0,54,61,0.20944444444444446
463,15.05,Clear,Medium,Evening,Car,12,2.0,66,78,0.22803030303030303
310,5.78,Foggy,Low,Afternoon,Scooter,9,9.0,33,42,0.17515151515151517
698,11.83,Clear,Low,Evening,Scooter,9,7.0,32,41,0.3696875
61,8.08,Foggy,Low,Morning,Bike,25,2.0,61,86,0.13245901639344262
885,16.1,Clear,Low,Evening,Bike,25,0.0,64,89,0.2515625
596,9.74,Rainy,Medium,Evening,Scooter,7,8.0,37,44,0.2632432432432433
768,17.6,Clear,Low,Afternoon,Bike,27,3.0,69,96,0.255072463768116
650,10.22,Snowy,Medium,Night,Bike,18,1.0,68,86,0.15029411764705883
651,2.19,Clear,Low,Evening,Bike,26,3.0,32,58,0.0684375
866,11.41,Windy,Medium,Afternoon,Scooter,17,4.0,68,85,0.16779411764705882
669,4.14,Clear,Medium,Morning,Scooter,14,2.0,30,44,0.13799999999999998
299,12.65,Rainy,Low,Afternoon,Bike,18,8.0,60,78,0.21083333333333334
690,4.15,Clear,Medium,Morning,Car,17,8.0,46,63,0.09021739130434783
315,16.8,Clear,High,Morning,Car,19,4.0,85,104,0.19764705882352943
311,9.06,Clear,Medium,Evening,Bike,23,4.0,47,70,0.19276595744680852
362,13.04,Clear,Medium,Morning,Scooter,20,6.0,65,85,0.2006153846153846
480,10.7,Clear,Medium,Afternoon,Scooter,8,5.0,44,52,0.24318181818181817
111,6.15,Foggy,Low,Evening,Scooter,26,5.0,48,74,0.12812500000000002
990,16.47,Snowy,High,Evening,Scooter,20,9.0,75,95,0.2196
487,1.39,Clear,Medium,Afternoon,Bike,15,4.0,24,39,0.057916666666666665
364,11.14,Rainy,Medium,Morning,Scooter,7,3.0,47,54,0.2370212765957447
255,3.81,Rainy,High,Afternoon,Bike,5,6.0,31,36,0.12290322580645162
260,2.39,Rainy,Medium,Evening,Bike,27,7.0,43,70,0.055581395348837215
803,11.74,Clear,High,Evening,Car,6,3.0,54,60,0.2174074074074074
678,8.26,Clear,Low,Morning,Car,21,4.0,80,101,0.10325
495,9.54,Rainy,Medium,Evening,Scooter,11,5.0,47,58,0.2029787234042553
671,3.88,Clear,Medium,Morning,Bike,16,2.0,35,51,0.11085714285714285
378,0.95,Rainy,Medium,Morning,Car,27,0.0,44,71,0.02159090909090909
527,8.59,Clear,Low,Night,Scooter,17,8.0,36,53,0.2386111111111111
846,8.59,Clear,Low,Evening,Bike,22,2.0,43,65,0.1997674418604651
138,14.21,Clear,Medium,Evening,Bike,24,5.0,58,82,0.24500000000000002
356,13.03,Foggy,Low,Morning,Scooter,9,1.0,50,59,0.2606
366,8.03,Clear,Low,Evening,Scooter,14,8.0,42,56,0.1911904761904762
943,13.2,Snowy,Low,Morning,Car,14,3.0,62,76,0.2129032258064516
750,12.67,Clear,Medium,Evening,Car,10,3.0,65,75,0.19492307692307692
949,17.54,Clear,Medium,Morning,Car,16,8.0,54,70,0.3248148148148148
830,9.32,Clear,Low,Morning,Scooter,6,5.0,30,36,0.3106666666666667
657,6.03,Rainy,High,Afternoon,Car,8,6.0,46,54,0.13108695652173913
200,15.71,Clear,Low,Afternoon,Scooter,28,5.0,69,97,0.22768115942028988
214,4.87,Snowy,High,Evening,Bike,16,7.0,54,70,0.09018518518518519
409,18.15,Rainy,High,Morning,Bike,22,7.0,108,130,0.16805555555555554
333,0.78,Clear,Medium,Morning,Bike,6,1.0,17,23,0.04588235294117647
209,0.6,Clear,Low,Afternoon,Bike,26,3.0,30,56,0.02
614,2.09,Clear,Medium,Evening,Bike,5,5.0,16,21,0.130625
79,7.49,Clear,Medium,Morning,Scooter,13,9.0,45,58,0.16644444444444445
30,1.41,Foggy,Medium,Evening,Bike,15,0.0,72,87,0.01958333333333333
536,18.92,Clear,High,Morning,Scooter,27,4.0,100,127,0.1892
696,12.41,Clear,Medium,Morning,Car,10,1.0,51,61,0.24333333333333335
558,1.06,Clear,Low,Afternoon,Scooter,19,6.0,21,40,0.05047619047619048
837,18.34,Clear,High,Night,Bike,9,4.0,92,101,0.19934782608695653
597,13.52,Clear,Low,Morning,Scooter,27,1.0,82,109,0.1648780487804878
166,16.79,Foggy,High,Afternoon,Bike,24,6.0,85,109,0.19752941176470587
919,15.39,Clear,Medium,Evening,Scooter,24,5.0,89,113,0.17292134831460676
496,7.39,Rainy,Medium,Morning,Scooter,25,6.0,60,85,0.12316666666666666
825,10.98,Rainy,Low,Morning,Scooter,10,6.0,55,65,0.19963636363636364
66,11.08,Snowy,Medium,Morning,Bike,9,0.0,57,66,0.1943859649122807
142,5.41,Clear,Medium,Night,Bike,14,5.0,36,50,0.1502777777777778
926,0.94,Clear,High,Morning,Bike,9,6.0,21,30,0.04476190476190476
828,7.27,Windy,Low,Afternoon,Bike,10,5.0,35,45,0.2077142857142857
656,2.99,Windy,Medium,Morning,Bike,27,5.0,41,68,0.07292682926829269
332,15.28,Snowy,Low,Evening,Bike,16,5.0,72,88,0.2122222222222222
665,2.48,Windy,Medium,Afternoon,Car,14,6.0,27,41,0.09185185185185185
250,17.13,Rainy,Low,Evening,Car,19,1.0,71,90,0.2412676056338028
908,7.17,Clear,Low,Afternoon,Bike,15,7.0,32,47,0.2240625
709,5.47,Rainy,Low,Morning,Car,21,6.0,38,59,0.14394736842105263
306,19.53,Foggy,Low,Afternoon,Bike,11,6.0,87,98,0.22448275862068967
735,7.5,Clear,High,Morning,Bike,29,1.0,66,95,0.11363636363636363
976,5.61,Windy,Low,Night,Bike,25,9.0,48,73,0.116875
50,4.1,Clear,Low,Morning,Bike,21,3.0,37,58,0.1108108108108108
897,6.22,Rainy,Medium,Morning,Bike,15,0.0,49,64,0.12693877551020408
3,14.77,Clear,High,Morning,Scooter,11,6.0,67,78,0.22044776119402984
545,12.55,Windy,Low,Evening,Bike,13,8.0,51,64,0.24607843137254903
351,10.31,Foggy,Medium,Morning,Scooter,19,5.0,62,81,0.16629032258064516
905,8.72,Snowy,Medium,Evening,Car,18,7.0,64,82,0.13625
537,17.07,Clear,Medium,Morning,Bike,20,6.0,73,93,0.23383561643835618
345,8.27,Clear,High,Afternoon,Scooter,13,5.0,58,71,0.14258620689655171
995,7.54,Snowy,Low,Afternoon,Bike,20,5.0,55,75,0.1370909090909091
482,14.07,Clear,High,Afternoon,Bike,5,8.0,67,72,0.21
576,19.02,Clear,Medium,Afternoon,Bike,29,9.0,87,116,0.2186206896551724
34,19.0,Clear,High,Morning,Car,28,3.0,96,124,0.19791666666666666
32,3.83,Rainy,Medium,Afternoon,Bike,12,9.0,30,42,0.12766666666666668
232,10.3,Clear,Low,Evening,Scooter,19,8.0,48,67,0.21458333333333335
964,8.09,Clear,High,Afternoon,Scooter,15,4.0,51,66,0.15862745098039216
193,18.06,Clear,Medium,Night,Bike,9,8.0,52,61,0.34730769230769226
334,2.76,Windy,Medium,Morning,Scooter,8,5.0,22,30,0.12545454545454546
4,12.17,Snowy,Low,Evening,Bike,20,8.0,68,88,0.1789705882352941
205,12.33,Clear,Medium,Evening,Bike,22,9.0,75,97,0.1644
515,1.38,Clear,Medium,Evening,Scooter,5,8.0,13,18,0.10615384615384614
800,18.49,Clear,Low,Afternoon,Scooter,14,6.0,71,85,0.26042253521126757
307,10.57,Snowy,Low,Afternoon,Bike,28,9.0,59,87,0.17915254237288136
110,2.0,Clear,High,Evening,Scooter,10,2.0,30,40,0.06666666666666667
431,3.29,Clear,Medium,Afternoon,Scooter,17,4.0,32,49,0.1028125
78,1.94,Rainy,Medium,Morning,Bike,16,0.0,35,51,0.055428571428571424
85,6.56,Windy,Medium,Morning,Bike,14,1.0,47,61,0.13957446808510637
287,9.58,Clear,High,Afternoon,Car,26,8.0,60,86,0.15966666666666668
83,6.95,Clear,Medium,Morning,Scooter,25,2.0,58,83,0.11982758620689656
992,14.05,Clear,High,Morning,Scooter,19,0.0,72,91,0.1951388888888889
790,18.97,Rainy,High,Night,Bike,20,8.0,108,128,0.17564814814814814
895,13.53,Rainy,Low,Evening,Bike,28,8.0,78,106,0.17346153846153844
399,15.14,Rainy,Medium,Morning,Bike,8,6.0,66,74,0.2293939393939394
324,5.96,Clear,Low,Afternoon,Bike,26,6.0,48,74,0.12416666666666666
520,3.43,Windy,Medium,Morning,Bike,7,6.0,23,30,0.1491304347826087
917,6.24,Clear,Medium,Evening,Bike,15,3.0,52,67,0.12000000000000001
923,17.94,Rainy,High,Evening,Scooter,22,6.0,85,107,0.21105882352941177
6,3.54,Rainy,Medium,Evening,Bike,10,5.0,32,42,0.110625
732,16.38,Rainy,Medium,Night,Bike,7,5.0,90,97,0.182
466,7.81,Clear,Low,Evening,Bike,11,4.0,42,53,0.18595238095238095
98,8.84,Clear,Medium,Morning,Bike,26,0.0,57,83,0.1550877192982456
267,14.09,Clear,Medium,Afternoon,Scooter,12,3.0,55,67,0.2561818181818182
358,11.92,Clear,Low,Afternoon,Scooter,14,4.0,46,60,0.2591304347826087
869,17.3,Clear,Low,Evening,Scooter,9,0.0,67,76,0.2582089552238806
799,14.08,Clear,High,Morning,Bike,28,6.0,66,94,0.21333333333333335
381,2.8,Clear,High,Afternoon,Bike,28,1.0,50,78,0.055999999999999994
632,17.96,Clear,Medium,Morning,Bike,22,2.0,76,98,0.23631578947368423
382,14.09,Clear,High,Afternoon,Bike,12,6.0,67,79,0.21029850746268655
491,9.39,Clear,Low,Morning,Bike,14,2.0,37,51,0.2537837837837838
119,17.9,Clear,Low,Morning,Bike,23,5.0,85,108,0.21058823529411763
901,4.55,Rainy,Low,Afternoon,Bike,5,6.0,21,26,0.21666666666666665
251,6.24,Snowy,Low,Afternoon,Bike,20,4.0,51,71,0.1223529411764706
524,16.92,Clear,Low,Morning,Scooter,29,0.0,70,99,0.24171428571428574
10,14.31,Clear,Medium,Morning,Bike,9,8.0,47,56,0.304468085106383
197,14.66,Windy,Medium,Morning,Bike,20,2.0,77,97,0.1903896103896104
604,2.23,Clear,Low,Morning,Bike,7,6.0,14,21,0.15928571428571428
82,12.65,Clear,Low,Evening,Bike,15,4.0,66,81,0.19166666666666668
784,7.24,Rainy,Medium,Evening,Bike,28,6.0,65,93,0.11138461538461539
588,3.01,Clear,Medium,Evening,Bike,14,4.0,26,40,0.11576923076923076
798,11.52,Clear,Medium,Morning,Scooter,25,2.0,58,83,0.1986206896551724
240,3.95,Clear,Low,Afternoon,Bike,13,5.0,25,38,0.158
291,1.09,Clear,Medium,Morning,Scooter,6,2.0,17,23,0.06411764705882353
212,13.99,Clear,High,Evening,Scooter,7,3.0,96,103,0.14572916666666666
718,19.32,Rainy,High,Morning,Car,21,7.0,112,133,0.17250000000000001
360,11.72,Rainy,Low,Evening,Bike,11,9.0,42,53,0.27904761904761904
450,2.13,Rainy,Low,Morning,Scooter,9,2.0,22,31,0.09681818181818182
228,8.17,Clear,Medium,Afternoon,Scooter,20,9.0,44,64,0.18568181818181817
951,12.21,Clear,High,Morning,Bike,9,4.0,57,66,0.2142105263157895
947,3.17,Clear,Medium,Evening,Scooter,17,6.0,33,50,0.09606060606060605
797,18.68,Snowy,Low,Afternoon,Bike,11,8.0,62,73,0.30129032258064514
502,10.95,Clear,Medium,Evening,Scooter,24,4.0,55,79,0.19909090909090907
465,19.26,Windy,Medium,Morning,Scooter,21,6.0,67,88,0.2874626865671642
363,9.44,Rainy,Medium,Evening,Scooter,28,8.0,63,91,0.14984126984126983
469,4.86,Foggy,Medium,Evening,Car,25,4.0,52,77,0.09346153846153847
936,5.81,Foggy,Low,Afternoon,Bike,25,8.0,51,76,0.11392156862745097
429,7.34,Rainy,Low,Evening,Bike,22,8.0,47,69,0.15617021276595744
8,17.39,Foggy,Medium,Morning,Bike,25,4.0,100,125,0.1739
156,5.22,Snowy,Low,Evening,Bike,11,9.0,40,51,0.1305
542,12.32,Clear,Medium,Evening,Scooter,17,4.0,71,88,0.1735211267605634
441,2.15,Windy,Medium,Afternoon,Car,17,6.0,30,47,0.07166666666666667
483,9.36,Rainy,High,Morning,Scooter,17,2.0,65,82,0.144
423,2.28,Clear,Medium,Evening,Scooter,27,9.0,39,66,0.058461538461538454
779,14.54,Clear,Medium,Evening,Bike,29,2.0,73,102,0.19917808219178082
950,12.15,Clear,High,Morning,Car,12,6.0,63,75,0.19285714285714287
335,1.4,Windy,Low,Evening,Bike,9,9.0,17,26,0.08235294117647059
577,3.37,Clear,High,Morning,Bike,9,5.0,28,37,0.12035714285714286
935,3.85,Rainy,Medium,Afternoon,Bike,26,3.0,46,72,0.08369565217391305
568,9.03,Clear,Low,Morning,Bike,11,5.0,43,54,0.21
595,17.99,Snowy,Low,Afternoon,Bike,15,3.0,63,78,0.2855555555555555
531,16.35,Clear,Medium,Morning,Bike,16,0.0,66,82,0.24772727272727274
582,19.61,Clear,High,Evening,Bike,8,6.0,72,80,0.2723611111111111
708,16.29,Clear,Low,Morning,Bike,20,1.0,72,92,0.22624999999999998
449,7.84,Windy,Low,Afternoon,Bike,6,4.0,28,34,0.27999999999999997
454,18.17,Rainy,Low,Afternoon,Car,13,0.0,71,84,0.2559154929577465
229,17.89,Windy,Low,Morning,Bike,27,1.0,101,128,0.17712871287128715
353,13.34,Clear,Medium,Night,Bike,20,6.0,53,73,0.25169811320754715
729,4.43,Foggy,Low,Morning,Scooter,10,1.0,63,73,0.0703174603174603
213,13.21,Clear,Medium,Morning,Scooter,12,4.0,63,75,0.2096825396825397
80,2.76,Windy,Medium,Night,Bike,6,2.0,27,33,0.10222222222222221
149,1.5,Foggy,Medium,Evening,Scooter,15,4.0,32,47,0.046875
303,11.04,Clear,Medium,Afternoon,Scooter,8,2.0,54,62,0.20444444444444443
629,1.22,Clear,Medium,Evening,Scooter,6,5.0,14,20,0.08714285714285715
778,14.58,Clear,Low,Afternoon,Bike,13,5.0,57,70,0.2557894736842105
507,18.26,Rainy,High,Night,Scooter,28,7.0,93,121,0.19634408602150538
343,3.88,Foggy,Low,Evening,Car,27,9.0,42,69,0.09238095238095238
486,18.07,Clear,High,Afternoon,Scooter,5,2.0,67,72,0.26970149253731346
712,12.11,Clear,Medium,Evening,Bike,28,0.0,75,103,0.16146666666666665
134,7.08,Clear,Medium,Afternoon,Scooter,5,8.0,27,32,0.26222222222222225
704,3.12,Rainy,Low,Evening,Scooter,14,5.0,28,42,0.11142857142857143
312,2.03,Foggy,High,Evening,Car,14,4.0,36,50,0.056388888888888884
723,1.8,Clear,Medium,Night,Bike,14,1.0,28,42,0.0642857142857143
630,5.42,Clear,Low,Evening,Scooter,11,9.0,26,37,0.20846153846153845
1,7.8,Clear,Low,Evening,Scooter,23,5.0,52,75,0.15
317,8.47,Rainy,Low,Afternoon,Scooter,19,0.0,48,67,0.17645833333333336
707,6.79,Rainy,Low,Evening,Scooter,16,1.0,39,55,0.1741025641025641
548,13.6,Rainy,Medium,Afternoon,Scooter,23,6.0,83,106,0.163855421686747
873,13.06,Rainy,High,Morning,Bike,17,8.0,59,76,0.22135593220338984
533,19.93,Snowy,Low,Afternoon,Bike,6,6.0,59,65,0.33779661016949153
478,11.3,Snowy,Medium,Afternoon,Bike,15,8.0,70,85,0.16142857142857145
405,6.74,Rainy,Medium,Evening,Car,21,9.0,47,68,0.14340425531914894
173,10.49,Rainy,Low,Morning,Bike,28,9.0,66,94,0.15893939393939394
126,8.83,Clear,Medium,Evening,Scooter,12,3.0,109,121,0.08100917431192661
395,7.15,Clear,High,Night,Car,29,7.0,60,89,0.11916666666666667
421,15.94,Clear,Low,Evening,Bike,24,2.0,77,101,0.207012987012987
553,11.26,Foggy,High,Afternoon,Bike,14,2.0,70,84,0.16085714285714287
904,11.87,Clear,Medium,Morning,Bike,10,6.0,43,53,0.27604651162790694
91,2.83,Windy,Medium,Afternoon,Scooter,14,6.0,28,42,0.10107142857142858
940,11.74,Clear,Low,Afternoon,Car,20,1.0,52,72,0.22576923076923078
182,2.71,Clear,Low,Morning,Scooter,6,1.0,20,26,0.1355
275,10.47,Clear,High,Evening,Scooter,14,7.0,55,69,0.19036363636363637
896,4.5,Snowy,High,Evening,Bike,24,0.0,66,90,0.06818181818181818
70,19.74,Clear,Low,Morning,Car,21,7.0,71,92,0.2780281690140845
292,1.23,Clear,Low,Evening,Bike,18,6.0,21,39,0.05857142857142857
132,4.83,Clear,Low,Evening,Bike,11,1.0,29,40,0.16655172413793104
301,1.51,Clear,High,Afternoon,Bike,14,2.0,32,46,0.0471875
425,1.62,Windy,Low,Evening,Bike,9,8.0,16,25,0.10125
327,11.31,Clear,High,Evening,Bike,20,0.0,67,87,0.16880597014925375
145,6.05,Clear,Medium,Morning,Car,24,0.0,48,72,0.12604166666666666
424,10.14,Clear,Medium,Morning,Scooter,20,1.0,59,79,0.17186440677966103
581,9.45,Clear,Low,Afternoon,Car,13,0.0,49,62,0.19285714285714284
136,6.8,Clear,High,Evening,Bike,28,5.0,55,83,0.12363636363636363
451,15.65,Clear,Low,Afternoon,Bike,27,0.0,76,103,0.20592105263157895
165,2.26,Clear,Medium,Morning,Scooter,6,3.0,19,25,0.11894736842105262
29,12.05,Clear,Low,Evening,Scooter,29,4.0,61,90,0.1975409836065574
774,8.25,Windy,Medium,Evening,Car,24,4.0,62,86,0.13306451612903225
194,12.85,Rainy,Medium,Afternoon,Scooter,23,0.0,80,103,0.160625
389,15.14,Windy,Medium,Morning,Bike,15,4.0,71,86,0.2132394366197183
853,4.59,Foggy,Low,Evening,Scooter,19,8.0,36,55,0.1275
170,12.02,Clear,Low,Afternoon,Bike,26,0.0,63,89,0.1907936507936508
706,19.8,Clear,High,Evening,Bike,7,3.0,88,95,0.225
141,19.27,Foggy,High,Afternoon,Bike,14,6.0,92,106,0.20945652173913043
174,4.92,Clear,High,Morning,Scooter,12,0.0,41,53,0.12
7,1.63,Rainy,Medium,Night,Bike,24,5.0,38,62,0.04289473684210526
746,18.04,Clear,Medium,Morning,Bike,8,5.0,71,79,0.2540845070422535
479,19.4,Snowy,Medium,Afternoon,Scooter,23,9.0,92,115,0.21086956521739128
74,16.4,Clear,High,Morning,Scooter,12,2.0,70,82,0.23428571428571426
911,12.01,Clear,Low,Morning,Car,5,7.0,42,47,0.28595238095238096
814,18.46,Clear,Medium,Morning,Scooter,29,1.0,153,182,0.12065359477124184
239,13.09,Windy,Low,Morning,Scooter,17,1.0,69,86,0.18971014492753624
146,1.22,Foggy,High,Afternoon,Scooter,14,2.0,38,52,0.032105263157894734
793,10.36,Rainy,Medium,Afternoon,Bike,7,8.0,39,46,0.26564102564102565
235,4.31,Rainy,Medium,Afternoon,Bike,9,2.0,35,44,0.12314285714285714
221,13.32,Windy,Medium,Afternoon,Bike,26,0.0,71,97,0.18760563380281692
924,16.1,Clear,Low,Morning,Car,16,6.0,61,77,0.26393442622950825
501,14.11,Rainy,High,Morning,Scooter,24,3.0,93,117,0.15172043010752687
133,2.84,Clear,Medium,Night,Scooter,28,1.0,44,72,0.06454545454545454
991,16.09,Snowy,Low,Morning,Car,13,6.0,69,82,0.23318840579710146
775,16.05,Snowy,Medium,Evening,Bike,11,2.0,89,100,0.1803370786516854
186,13.37,Windy,High,Afternoon,Scooter,17,8.0,63,80,0.2122222222222222
42,10.16,Snowy,Medium,Night,Bike,10,1.0,67,77,0.15164179104477613
697,6.13,Clear,Medium,Night,Scooter,22,0.0,48,70,0.12770833333333334
109,4.96,Rainy,Low,Afternoon,Car,10,7.0,28,38,0.17714285714285713
589,3.0,Clear,Low,Morning,Scooter,29,1.0,43,72,0.06976744186046512
57,2.23,Snowy,Medium,Evening,Car,14,0.0,41,55,0.054390243902439024
406,17.96,Clear,Medium,Evening,Scooter,26,0.0,74,100,0.24270270270270272
443,7.8,Rainy,Medium,Morning,Bike,11,7.0,49,60,0.15918367346938775
758,10.9,Clear,High,Afternoon,Scooter,6,8.0,47,53,0.23191489361702128
998,3.17,Clear,Low,Afternoon,Bike,17,1.0,28,45,0.11321428571428571
25,9.39,Windy,Medium,Morning,Scooter,21,9.0,50,71,0.18780000000000002
468,17.44,Clear,Low,Evening,Bike,25,9.0,89,114,0.1959550561797753
540,3.02,Rainy,Medium,Morning,Bike,23,1.0,46,69,0.06565217391304348
532,19.99,Rainy,High,Evening,Bike,17,1.0,112,129,0.17848214285714284
619,16.22,Rainy,High,Evening,Bike,22,0.0,102,124,0.15901960784313723
695,2.74,Clear,High,Afternoon,Bike,18,9.0,37,55,0.07405405405405406
927,5.74,Rainy,High,Evening,Bike,13,9.0,46,59,0.12478260869565218
339,9.75,Clear,Low,Afternoon,Bike,22,7.0,50,72,0.195
52,15.62,Rainy,Medium,Afternoon,Scooter,23,7.0,78,101,0.20025641025641025
508,16.54,Rainy,Medium,Afternoon,Bike,25,7.0,77,102,0.2148051948051948
517,7.84,Rainy,Low,Morning,Scooter,7,8.0,36,43,0.21777777777777776
921,17.44,Clear,Low,Night,Car,23,0.0,85,108,0.20517647058823532
782,11.08,Windy,High,Afternoon,Bike,16,6.0,70,86,0.15828571428571428
265,17.61,Clear,Medium,Evening,Scooter,21,9.0,79,100,0.22291139240506327
818,8.28,Snowy,Low,Evening,Car,29,7.0,58,87,0.14275862068965517
711,15.32,Clear,Medium,Morning,Bike,17,6.0,80,97,0.1915
683,3.83,Rainy,Low,Evening,Car,27,3.0,49,76,0.07816326530612246
833,3.25,Rainy,Medium,Evening,Scooter,29,0.0,51,80,0.06372549019607843
519,19.75,Clear,Medium,Morning,Bike,25,1.0,103,128,0.19174757281553398
448,15.19,Foggy,Low,Evening,Scooter,6,4.0,53,59,0.28660377358490563
19,8.92,Windy,Medium,Morning,Bike,25,4.0,62,87,0.14387096774193547
716,18.63,Windy,Low,Afternoon,Bike,11,5.0,85,96,0.21917647058823528
484,12.74,Clear,Low,Night,Scooter,18,0.0,67,85,0.19014925373134328
569,18.13,Rainy,High,Evening,Bike,21,2.0,88,109,0.20602272727272727
434,2.47,Rainy,Low,Afternoon,Car,22,6.0,34,56,0.07264705882352941
368,18.15,Windy,Medium,Morning,Bike,11,2.0,89,100,0.2039325842696629
84,1.74,Foggy,High,Afternoon,Scooter,8,9.0,28,36,0.062142857142857146
62,5.79,Windy,Medium,Morning,Bike,26,6.0,49,75,0.11816326530612245
639,5.75,Windy,High,Morning,Scooter,7,4.0,37,44,0.1554054054054054
273,17.41,Snowy,Medium,Evening,Bike,20,4.0,80,100,0.217625
286,1.2,Rainy,Low,Morning,Scooter,24,7.0,33,57,0.03636363636363636
361,8.07,Windy,Low,Evening,Bike,21,4.0,48,69,0.168125
355,1.88,Clear,Medium,Morning,Scooter,24,7.0,35,59,0.053714285714285714
457,0.72,Rainy,Medium,Afternoon,Scooter,9,2.0,23,32,0.03130434782608695
279,14.19,Clear,Medium,Afternoon,Bike,9,1.0,57,66,0.2489473684210526
13,16.73,Windy,High,Afternoon,Scooter,9,7.0,71,80,0.2356338028169014
183,18.53,Rainy,Low,Afternoon,Scooter,8,8.0,57,65,0.32508771929824565
369,4.32,Clear,Low,Morning,Bike,21,9.0,34,55,0.12705882352941178
882,13.6,Foggy,High,Evening,Bike,9,7.0,61,70,0.22295081967213115
616,18.46,Rainy,Low,Morning,Bike,19,9.0,94,113,0.19638297872340427
224,7.67,Windy,Low,Morning,Car,9,2.0,31,40,0.24741935483870967
573,8.23,Snowy,Low,Evening,Bike,17,3.0,56,73,0.14696428571428571
971,13.44,Clear,Low,Night,Bike,29,0.0,63,92,0.21333333333333332
654,15.04,Clear,Low,Morning,Car,24,5.0,60,84,0.25066666666666665
546,7.48,Clear,Medium,Morning,Car,21,4.0,52,73,0.14384615384615385
583,10.11,Rainy,Medium,Afternoon,Scooter,23,2.0,63,86,0.16047619047619047
634,10.88,Snowy,Low,Afternoon,Car,13,3.0,52,65,0.20923076923076925
177,13.97,Snowy,Low,Evening,Scooter,14,8.0,52,66,0.2686538461538462
666,3.48,Foggy,Low,Afternoon,Scooter,9,1.0,31,40,0.11225806451612903
674,10.73,Foggy,Low,Morning,Bike,6,6.0,35,41,0.3065714285714286
586,5.18,Clear,Medium,Afternoon,Car,9,2.0,30,39,0.17266666666666666
874,8.47,Foggy,Medium,Evening,Bike,24,0.0,68,92,0.12455882352941178
394,15.64,Rainy,Low,Morning,Bike,20,4.0,141,161,0.11092198581560284
164,10.95,Snowy,Medium,Afternoon,Bike,9,1.0,65,74,0.16846153846153844
249,19.29,Windy,Medium,Evening,Scooter,7,8.0,84,91,0.22964285714285712
635,2.59,Windy,Medium,Morning,Bike,13,5.0,28,41,0.0925
886,3.98,Clear,High,Night,Car,19,3.0,41,60,0.09707317073170732
670,6.06,Foggy,Low,Afternoon,Scooter,10,8.0,41,51,0.14780487804878048
376,6.72,Foggy,Low,Evening,Bike,8,5.0,31,39,0.2167741935483871
413,19.04,Clear,Medium,Morning,Scooter,27,2.0,85,112,0.22399999999999998
75,14.28,Windy,High,Afternoon,Scooter,23,5.0,77,100,0.18545454545454546
114,16.26,Rainy,High,Morning,Bike,16,6.0,70,86,0.23228571428571432
599,4.25,Clear,Low,Afternoon,Bike,5,4.0,22,27,0.19318181818181818
962,12.26,Clear,Low,Afternoon,Bike,20,2.0,66,86,0.18575757575757576
391,19.81,Clear,Low,Afternoon,Bike,27,1.0,74,101,0.2677027027027027
105,18.2,Windy,Medium,Morning,Bike,27,1.0,108,135,0.1685185185185185
115,12.85,Rainy,Medium,Morning,Scooter,14,8.0,73,87,0.17602739726027397
418,6.91,Clear,Low,Evening,Bike,27,8.0,91,118,0.07593406593406593
526,9.64,Clear,Low,Morning,Bike,10,5.0,46,56,0.20956521739130435
458,9.64,Rainy,Medium,Evening,Bike,14,6.0,52,66,0.1853846153846154
410,2.28,Foggy,Medium,Morning,Scooter,27,6.0,44,71,0.05181818181818181
93,15.34,Rainy,Low,Afternoon,Bike,18,6.0,54,72,0.2840740740740741
931,3.22,Rainy,Medium,Night,Bike,14,8.0,34,48,0.09470588235294118
90,9.71,Clear,Low,Morning,Bike,8,1.0,49,57,0.19816326530612247
337,17.18,Clear,Medium,Night,Scooter,13,1.0,62,75,0.2770967741935484
989,5.3,Clear,Medium,Afternoon,Scooter,29,3.0,47,76,0.1127659574468085
922,10.0,Clear,Medium,Afternoon,Scooter,6,9.0,47,53,0.2127659574468085
934,10.75,Rainy,Medium,Morning,Bike,8,6.0,60,68,0.17916666666666667
606,9.49,Rainy,Medium,Morning,Car,23,6.0,53,76,0.1790566037735849
594,7.24,Clear,Medium,Afternoon,Bike,28,7.0,57,85,0.12701754385964914
612,16.09,Rainy,Low,Morning,Bike,21,8.0,66,87,0.24378787878787878
95,15.53,Clear,Low,Morning,Bike,26,6.0,83,109,0.18710843373493974
12,19.41,Windy,Low,Morning,Bike,11,8.0,62,73,0.31306451612903224
397,17.24,Clear,Low,Evening,Bike,17,5.0,69,86,0.2498550724637681
534,11.33,Clear,Low,Morning,Bike,25,3.0,60,85,0.18883333333333333
44,18.23,Rainy,Low,Afternoon,Scooter,27,9.0,86,113,0.2119767441860465
43,1.17,Clear,Medium,Morning,Bike,16,9.0,25,41,0.046799999999999994
330,5.33,Clear,Low,Evening,Car,29,1.0,51,80,0.10450980392156863
168,4.14,Rainy,Low,Morning,Bike,23,2.0,41,64,0.10097560975609755
498,2.02,Clear,High,Evening,Bike,28,5.0,44,72,0.045909090909090906
877,14.46,Rainy,Medium,Morning,Scooter,11,9.0,68,79,0.2126470588235294
598,3.86,Clear,Medium,Afternoon,Bike,21,8.0,34,55,0.11352941176470588
757,12.59,Windy,Medium,Morning,Bike,13,9.0,62,75,0.20306451612903226
101,1.11,Clear,High,Morning,Scooter,22,8.0,35,57,0.031714285714285716
427,9.11,Clear,Low,Afternoon,Bike,19,6.0,42,61,0.21690476190476188
179,18.77,Snowy,Medium,Evening,Bike,24,0.0,115,139,0.16321739130434781
445,16.35,Foggy,Medium,Night,Bike,16,6.0,67,83,0.24402985074626868
417,6.22,Clear,Low,Afternoon,Bike,16,9.0,29,45,0.21448275862068963
871,7.78,Foggy,High,Afternoon,Bike,25,3.0,74,99,0.10513513513513514
883,0.88,Rainy,Low,Night,Car,27,2.0,37,64,0.023783783783783784
681,16.43,Clear,Low,Evening,Bike,13,5.0,56,69,0.2933928571428571
178,8.04,Clear,Medium,Evening,Car,27,0.0,65,92,0.12369230769230768
396,18.65,Foggy,Low,Night,Car,19,2.0,68,87,0.2742647058823529
912,5.73,Foggy,Low,Morning,Scooter,7,2.0,30,37,0.191
794,12.42,Rainy,Low,Evening,Bike,28,9.0,79,107,0.15721518987341773
961,2.11,Clear,Low,Afternoon,Scooter,28,5.0,34,62,0.062058823529411763
685,18.62,Clear,Low,Evening,Scooter,27,6.0,75,102,0.2482666666666667
384,17.61,Clear,Medium,Morning,Scooter,19,3.0,80,99,0.220125
957,10.62,Rainy,Medium,Night,Bike,7,2.0,48,55,0.22124999999999997
752,18.83,Clear,Medium,Night,Bike,8,0.0,68,76,0.2769117647058823
258,14.07,Clear,Medium,Morning,Bike,16,9.0,73,89,0.19273972602739725
539,9.29,Clear,Medium,Evening,Bike,10,9.0,40,50,0.23224999999999998
336,1.29,Rainy,Low,Evening,Bike,7,7.0,15,22,0.08600000000000001
16,4.08,Windy,Medium,Afternoon,Bike,7,0.0,33,40,0.12363636363636364
325,19.12,Windy,High,Evening,Car,8,0.0,92,100,0.20782608695652174
759,17.93,Clear,Medium,Afternoon,Bike,29,4.0,85,114,0.21094117647058824
223,2.33,Clear,Low,Morning,Car,6,1.0,17,23,0.13705882352941176
180,3.18,Rainy,Medium,Evening,Bike,21,3.0,42,63,0.07571428571428572
984,1.97,Clear,High,Morning,Car,28,7.0,43,71,0.04581395348837209
23,6.2,Windy,High,Evening,Scooter,7,3.0,42,49,0.14761904761904762
357,1.02,Windy,High,Evening,Bike,6,8.0,21,27,0.04857142857142857
667,5.3,Clear,Low,Evening,Bike,16,5.0,32,48,0.165625
862,9.34,Rainy,Low,Evening,Car,10,0.0,40,50,0.23349999999999999
341,10.09,Clear,Medium,Evening,Bike,7,0.0,49,56,0.20591836734693877
432,15.35,Rainy,High,Night,Scooter,23,9.0,80,103,0.191875
552,17.12,Rainy,Low,Morning,Bike,26,3.0,86,112,0.19906976744186047
834,3.94,Snowy,Low,Afternoon,Bike,19,3.0,43,62,0.09162790697674418
204,18.02,Clear,Medium,Evening,Car,12,3.0,77,89,0.23402597402597403
631,14.41,Snowy,Medium,Evening,Bike,8,8.0,75,83,0.19213333333333332
94,11.44,Rainy,Medium,Evening,Car,20,2.0,57,77,0.2007017543859649
559,15.23,Foggy,Low,Morning,Car,6,0.0,52,58,0.2928846153846154
69,1.95,Clear,Low,Morning,Scooter,16,2.0,23,39,0.08478260869565217
623,7.72,Rainy,Medium,Morning,Bike,11,5.0,36,47,0.21444444444444444
285,11.78,Clear,Low,Afternoon,Scooter,26,3.0,71,97,0.16591549295774646
845,3.4,Windy,Medium,Morning,Bike,11,6.0,30,41,0.11333333333333333
435,2.14,Clear,High,Evening,Bike,18,3.0,34,52,0.06294117647058824
154,10.04,Rainy,High,Afternoon,Bike,12,9.0,59,71,0.1701694915254237
76,14.72,Clear,Medium,Evening,Scooter,15,8.0,80,95,0.184
731,3.7,Clear,Medium,Morning,Bike,28,7.0,45,73,0.08222222222222222
447,19.73,Rainy,Low,Evening,Bike,8,8.0,64,72,0.30828125
189,10.83,Clear,Medium,Evening,Scooter,8,9.0,51,59,0.21235294117647058
272,16.3,Foggy,Low,Morning,Car,12,1.0,100,112,0.163
237,5.98,Foggy,High,Morning,Bike,14,6.0,44,58,0.13590909090909092
488,5.98,Rainy,High,Morning,Bike,21,2.0,60,81,0.09966666666666667
118,4.14,Foggy,Medium,Morning,Bike,21,0.0,46,67,0.09
944,16.68,Clear,Medium,Afternoon,Bike,9,9.0,63,72,0.26476190476190475
513,18.69,Windy,Medium,Night,Bike,23,9.0,74,97,0.2525675675675676
826,18.44,Rainy,High,Morning,Bike,27,7.0,80,107,0.2305
592,13.0,Windy,High,Morning,Bike,22,8.0,65,87,0.2
127,16.45,Clear,Medium,Evening,Scooter,25,3.0,87,112,0.18908045977011492
117,16.17,Clear,Medium,Evening,Car,10,2.0,116,126,0.13939655172413795
474,17.88,Clear,Medium,Evening,Bike,29,3.0,98,127,0.18244897959183673
694,5.23,Clear,Medium,Morning,Scooter,19,4.0,37,56,0.14135135135135135
58,4.32,Clear,Medium,Morning,Bike,17,4.0,36,53,0.12000000000000001
864,9.09,Rainy,Medium,Morning,Bike,6,7.0,43,49,0.2113953488372093
913,12.67,Windy,Medium,Morning,Scooter,7,3.0,43,50,0.2946511627906977
370,1.85,Clear,Medium,Evening,Bike,10,1.0,24,34,0.07708333333333334
269,7.51,Rainy,Low,Evening,Car,27,6.0,50,77,0.1502
47,6.58,Clear,Low,Afternoon,Bike,13,1.0,34,47,0.1935294117647059
350,12.7,Clear,Low,Morning,Scooter,22,2.0,57,79,0.22280701754385965
196,7.31,Foggy,Medium,Afternoon,Bike,26,2.0,65,91,0.11246153846153846
1000,9.2,Clear,High,Morning,Scooter,9,9.0,48,57,0.19166666666666665
835,10.22,Foggy,Low,Afternoon,Scooter,21,0.0,61,82,0.1675409836065574
737,8.15,Clear,High,Evening,Scooter,12,9.0,43,55,0.18953488372093025
264,10.61,Clear,Medium,Morning,Bike,17,0.0,59,76,0.17983050847457627
444,7.73,Clear,High,Night,Bike,29,5.0,58,87,0.13327586206896552
676,19.66,Clear,Low,Morning,Car,19,6.0,70,89,0.28085714285714286
305,14.66,Snowy,High,Morning,Car,5,6.0,71,76,0.20647887323943662
342,9.73,Clear,Low,Afternoon,Bike,29,6.0,60,89,0.16216666666666668
967,14.52,Clear,Medium,Afternoon,Car,26,5.0,86,112,0.16883720930232557
150,5.93,Foggy,High,Morning,Scooter,27,1.0,106,133,0.055943396226415094
125,4.94,Rainy,High,Evening,Scooter,28,4.0,63,91,0.07841269841269842
787,11.88,Rainy,High,Afternoon,Car,29,9.0,78,107,0.1523076923076923
51,19.41,Foggy,Medium,Morning,Car,7,6.0,66,73,0.29409090909090907
354,3.68,Clear,High,Afternoon,Car,16,6.0,47,63,0.07829787234042554
928,11.06,Clear,High,Evening,Bike,6,9.0,53,59,0.20867924528301887
143,10.2,Rainy,Medium,Afternoon,Bike,18,9.0,56,74,0.18214285714285713
471,0.74,Rainy,Low,Morning,Car,13,4.0,21,34,0.035238095238095235
400,15.21,Snowy,Medium,Afternoon,Bike,20,9.0,90,110,0.169
626,7.69,Rainy,High,Morning,Scooter,16,3.0,58,74,0.13258620689655173
321,11.21,Clear,High,Afternoon,Scooter,23,1.0,76,99,0.14750000000000002
20,6.18,Clear,Medium,Evening,Bike,9,9.0,35,44,0.17657142857142857
810,2.71,Clear,Medium,Morning,Car,6,5.0,19,25,0.14263157894736841
791,3.49,Clear,Medium,Morning,Bike,17,2.0,38,55,0.0918421052631579
809,9.29,Clear,Medium,Morning,Bike,17,2.0,49,66,0.18959183673469385
408,0.71,Foggy,Low,Night,Bike,29,1.0,41,70,0.017317073170731705
538,5.32,Rainy,Low,Afternoon,Scooter,27,2.0,48,75,0.11083333333333334
621,4.1,Clear,Medium,Evening,Car,18,3.0,38,56,0.10789473684210525
39,13.84,Clear,Low,Morning,Scooter,18,5.0,64,82,0.21625
176,3.9,Rainy,High,Morning,Car,25,9.0,54,79,0.07222222222222222
246,18.6,Rainy,Medium,Morning,Car,28,9.0,77,105,0.24155844155844158
829,14.88,Snowy,Medium,Evening,Bike,10,0.0,64,74,0.2325
668,3.63,Windy,Medium,Morning,Car,22,9.0,39,61,0.09307692307692307
755,3.22,Windy,High,Morning,Car,7,7.0,27,34,0.11925925925925927
859,11.51,Foggy,Low,Afternoon,Car,5,7.0,57,62,0.20192982456140351
155,19.72,Rainy,Low,Afternoon,Bike,27,6.0,109,136,0.18091743119266054
288,11.08,Clear,Low,Evening,Scooter,28,2.0,58,86,0.1910344827586207
603,3.95,Clear,Medium,Morning,Car,28,5.0,47,75,0.08404255319148937
570,7.29,Clear,High,Evening,Car,11,7.0,48,59,0.151875
744,10.3,Clear,Low,Morning,Car,12,7.0,41,53,0.25121951219512195
18,10.73,Rainy,High,Afternoon,Car,27,6.0,83,110,0.12927710843373494
128,17.28,Clear,Low,Morning,Car,28,3.0,72,100,0.24000000000000002
323,13.37,Foggy,Medium,Evening,Scooter,16,9.0,71,87,0.18830985915492957
256,11.36,Clear,Medium,Morning,Scooter,8,2.0,52,60,0.21846153846153846
658,7.58,Clear,High,Afternoon,Scooter,19,9.0,57,76,0.13298245614035087
965,6.13,Rainy,High,Morning,Bike,25,6.0,59,84,0.10389830508474576
191,2.32,Clear,Low,Afternoon,Scooter,23,1.0,32,55,0.0725
116,17.49,Rainy,Low,Evening,Bike,27,9.0,97,124,0.18030927835051544
617,1.69,Windy,Medium,Afternoon,Car,11,7.0,20,31,0.08449999999999999
607,4.52,Clear,Low,Evening,Car,17,0.0,71,88,0.0636619718309859
181,7.15,Windy,Low,Morning,Bike,15,3.0,42,57,0.17023809523809524
302,10.86,Windy,Medium,Morning,Car,10,4.0,60,70,0.181
760,15.88,Rainy,Low,Evening,Car,17,1.0,68,85,0.2335294117647059
713,9.7,Snowy,Low,Evening,Bike,6,5.0,45,51,0.21555555555555553
724,14.95,Clear,Medium,Morning,Bike,13,7.0,49,62,0.3051020408163265
686,11.36,Foggy,Low,Afternoon,Bike,6,4.0,47,53,0.24170212765957447
980,12.14,Foggy,High,Afternoon,Bike,12,0.0,65,77,0.18676923076923077
518,16.31,Foggy,Medium,Afternoon,Car,14,7.0,71,85,0.22971830985915492
985,14.7,Clear,Medium,Evening,Scooter,24,5.0,75,99,0.19599999999999998
46,13.42,Rainy,Medium,Evening,Bike,6,6.0,105,111,0.12780952380952382
910,7.9,Clear,Low,Afternoon,Scooter,22,5.0,48,70,0.16458333333333333
158,15.35,Foggy,Low,Morning,Car,5,3.0,56,61,0.2741071428571428
852,15.12,Foggy,Low,Morning,Bike,14,1.0,58,72,0.26068965517241377
172,0.82,Windy,Low,Morning,Car,18,9.0,23,41,0.035652173913043476
17,6.43,Clear,Low,Evening,Car,9,7.0,26,35,0.24730769230769228
512,8.66,Snowy,High,Morning,Bike,29,3.0,77,106,0.11246753246753247
49,11.16,Foggy,Medium,Afternoon,Car,21,4.0,77,98,0.14493506493506494
972,18.77,Foggy,Low,Afternoon,Car,15,5.0,71,86,0.26436619718309856
941,5.84,Clear,Medium,Evening,Bike,21,7.0,35,56,0.16685714285714284
516,1.01,Clear,High,Night,Bike,17,7.0,29,46,0.03482758620689655
953,3.92,Rainy,Medium,Night,Bike,20,9.0,41,61,0.09560975609756098
481,12.77,Foggy,Low,Morning,Bike,22,8.0,71,93,0.17985915492957746
284,2.33,Clear,Low,Evening,Bike,9,2.0,18,27,0.12944444444444445
719,2.92,Windy,High,Afternoon,Bike,24,4.0,48,72,0.06083333333333333
878,13.35,Rainy,Low,Evening,Scooter,14,4.0,91,105,0.1467032967032967
226,5.26,Rainy,Medium,Evening,Scooter,28,8.0,51,79,0.10313725490196078
27,4.39,Foggy,Medium,Night,Bike,12,8.0,38,50,0.11552631578947367
955,8.67,Windy,High,Morning,Bike,20,4.0,55,75,0.15763636363636363
438,16.53,Snowy,Low,Afternoon,Scooter,24,9.0,99,123,0.166969696969697
952,13.47,Clear,Medium,Evening,Bike,19,4.0,59,78,0.22830508474576272
365,18.86,Snowy,Medium,Night,Bike,18,1.0,89,107,0.21191011235955057
230,12.81,Clear,Low,Morning,Bike,12,2.0,51,63,0.2511764705882353
38,2.4,Snowy,Low,Night,Scooter,27,5.0,42,69,0.05714285714285714
966,7.44,Rainy,Medium,Evening,Bike,6,1.0,39,45,0.19076923076923077
375,1.89,Clear,Medium,Evening,Scooter,13,7.0,22,35,0.08590909090909091
470,19.28,Snowy,Medium,Morning,Car,21,3.0,101,122,0.1908910891089109
968,6.29,Clear,Medium,Morning,Scooter,10,7.0,27,37,0.23296296296296296
851,1.81,Clear,Medium,Afternoon,Car,23,3.0,34,57,0.05323529411764706
705,1.74,Clear,Medium,Night,Bike,23,2.0,34,57,0.051176470588235295
842,13.44,Clear,Medium,Morning,Car,22,1.0,79,101,0.17012658227848101
195,7.11,Clear,Low,Afternoon,Scooter,27,5.0,48,75,0.148125
855,4.5,Windy,Low,Evening,Scooter,20,6.0,32,52,0.140625
865,8.31,Windy,Medium,Morning,Bike,6,5.0,44,50,0.18886363636363637
504,16.37,Clear,High,Morning,Bike,26,7.0,97,123,0.16876288659793814
970,9.78,Clear,Medium,Afternoon,Bike,18,3.0,58,76,0.1686206896551724
831,4.88,Windy,Medium,Afternoon,Scooter,26,7.0,48,74,0.10166666666666667
580,5.54,Rainy,Medium,Morning,Scooter,28,9.0,51,79,0.10862745098039216
969,11.54,Clear,High,Afternoon,Car,10,0.0,56,66,0.20607142857142854
163,12.85,Clear,Low,Afternoon,Scooter,5,5.0,54,59,0.23796296296296296
909,5.56,Clear,Low,Afternoon,Scooter,19,5.0,31,50,0.17935483870967742
153,3.33,Clear,Medium,Evening,Scooter,24,2.0,44,68,0.07568181818181818
802,3.47,Snowy,High,Night,Bike,24,9.0,53,77,0.06547169811320755
994,12.01,Clear,Low,Morning,Scooter,26,6.0,57,83,0.21070175438596492
756,15.98,Foggy,Low,Morning,Car,21,6.0,90,111,0.17755555555555555
112,3.64,Clear,Low,Morning,Scooter,16,3.0,26,42,0.14
227,19.47,Clear,Low,Morning,Bike,16,8.0,83,99,0.23457831325301204
689,15.51,Rainy,Medium,Morning,Scooter,10,8.0,81,91,0.19148148148148147
104,10.42,Windy,Medium,Afternoon,Bike,28,3.0,72,100,0.14472222222222222
422,15.9,Rainy,Low,Evening,Car,19,5.0,78,97,0.20384615384615384
420,15.17,Windy,Low,Morning,Bike,25,4.0,77,102,0.197012987012987
751,2.78,Rainy,Low,Morning,Bike,21,4.0,37,58,0.07513513513513513
587,1.98,Rainy,Low,Afternoon,Bike,22,0.0,39,61,0.05076923076923077
781,14.03,Clear,Low,Afternoon,Bike,17,2.0,65,82,0.21584615384615383
673,2.06,Foggy,Medium,Evening,Scooter,22,4.0,40,62,0.051500000000000004
120,11.02,Clear,High,Morning,Scooter,22,2.0,70,92,0.15742857142857142
54,17.95,Snowy,High,Morning,Scooter,16,5.0,96,112,0.18697916666666667
152,5.17,Foggy,Low,Morning,Bike,29,0.0,56,85,0.09232142857142857
404,16.62,Snowy,Low,Afternoon,Bike,26,8.0,94,120,0.1768085106382979
946,0.71,Rainy,Low,Morning,Car,25,8.0,31,56,0.022903225806451613
208,13.44,Clear,Medium,Evening,Scooter,9,5.0,55,64,0.24436363636363637
659,13.1,Clear,Low,Evening,Bike,28,2.0,72,100,0.18194444444444444
844,19.24,Rainy,High,Afternoon,Bike,9,7.0,75,84,0.25653333333333334
763,5.35,Clear,Medium,Afternoon,Scooter,24,6.0,43,67,0.12441860465116278
9,12.22,Clear,Low,Evening,Scooter,15,0.0,56,71,0.21821428571428572
808,18.55,Clear,Low,Afternoon,Car,11,9.0,69,80,0.2688405797101449
37,6.44,Clear,Low,Afternoon,Car,18,2.0,43,61,0.14976744186046512
453,8.77,Foggy,Medium,Evening,Car,14,7.0,49,63,0.17897959183673467
652,10.97,Clear,Low,Afternoon,Scooter,27,3.0,51,78,0.2150980392156863
254,6.68,Clear,High,Morning,Scooter,10,5.0,44,54,0.15181818181818182
304,12.93,Rainy,Low,Afternoon,Scooter,25,0.0,61,86,0.21196721311475408
747,7.99,Clear,Medium,Evening,Bike,18,4.0,42,60,0.19023809523809523
572,15.78,Clear,High,Afternoon,Scooter,12,1.0,68,80,0.23205882352941176
624,9.95,Windy,High,Evening,Scooter,21,5.0,72,93,0.13819444444444443
733,13.47,Rainy,Low,Afternoon,Scooter,7,6.0,46,53,0.29282608695652174
892,17.19,Clear,Medium,Afternoon,Bike,11,8.0,76,87,0.2261842105263158
263,3.23,Clear,High,Afternoon,Bike,17,9.0,33,50,0.09787878787878788
611,1.27,Foggy,High,Afternoon,Bike,25,9.0,46,71,0.027608695652173915
298,4.71,Clear,Low,Morning,Bike,20,6.0,31,51,0.15193548387096775
415,12.82,Rainy,Medium,Evening,Bike,28,9.0,72,100,0.17805555555555555
151,18.21,Clear,Low,Evening,Bike,6,3.0,74,80,0.2460810810810811
789,9.51,Clear,High,Morning,Bike,26,9.0,63,89,0.15095238095238095
641,0.89,Rainy,Low,Morning,Car,9,0.0,20,29,0.0445
890,5.24,Windy,High,Afternoon,Scooter,26,8.0,51,77,0.1027450980392157
551,10.64,Windy,Low,Evening,Car,11,9.0,36,47,0.29555555555555557
887,13.23,Clear,Medium,Night,Bike,20,8.0,70,90,0.189
489,19.03,Clear,Medium,Morning,Scooter,8,8.0,65,73,0.2927692307692308
148,10.3,Rainy,Low,Evening,Bike,29,0.0,73,102,0.1410958904109589
147,12.39,Snowy,Medium,Evening,Bike,14,8.0,56,70,0.22125
721,18.8,Clear,High,Afternoon,Bike,23,7.0,95,118,0.19789473684210526
932,16.78,Rainy,Medium,Morning,Bike,22,1.0,70,92,0.23971428571428574
740,7.85,Clear,Low,Afternoon,Scooter,7,9.0,34,41,0.23088235294117646
660,11.63,Clear,Medium,Night,Scooter,29,7.0,57,86,0.20403508771929826
349,7.8,Windy,Medium,Afternoon,Car,17,6.0,44,61,0.17727272727272728
464,11.88,Rainy,Medium,Afternoon,Bike,5,1.0,63,68,0.18857142857142858
326,14.89,Clear,High,Evening,Car,22,9.0,88,110,0.16920454545454547
187,16.44,Rainy,High,Afternoon,Bike,12,5.0,86,98,0.19116279069767445
124,2.65,Clear,Medium,Afternoon,Car,14,4.0,35,49,0.0757142857142857
854,18.01,Foggy,High,Night,Bike,14,2.0,71,85,0.25366197183098593
609,10.32,Clear,Medium,Night,Car,24,5.0,49,73,0.21061224489795918
144,6.37,Rainy,Low,Afternoon,Car,29,4.0,56,85,0.11375
959,3.74,Rainy,Low,Morning,Bike,19,6.0,36,55,0.10388888888888889
198,17.99,Windy,High,Evening,Bike,5,1.0,73,78,0.24643835616438353
610,13.96,Rainy,Low,Night,Bike,5,1.0,42,47,0.3323809523809524
280,16.02,Clear,Low,Evening,Bike,20,7.0,61,81,0.26262295081967213
294,7.52,Clear,Medium,Afternoon,Car,17,9.0,44,61,0.1709090909090909
401,2.51,Clear,Low,Morning,Bike,16,2.0,28,44,0.08964285714285714
123,6.7,Foggy,High,Morning,Scooter,23,3.0,59,82,0.1135593220338983
184,17.61,Windy,Low,Morning,Bike,5,8.0,61,66,0.2886885245901639
203,3.65,Clear,Medium,Morning,Bike,29,9.0,46,75,0.07934782608695652
439,14.27,Clear,Medium,Night,Car,24,3.0,77,101,0.1853246753246753
247,8.85,Clear,Low,Afternoon,Bike,11,9.0,45,56,0.19666666666666666
416,9.24,Windy,Medium,Afternoon,Bike,8,2.0,49,57,0.18857142857142858
933,19.7,Rainy,Low,Evening,Car,16,6.0,66,82,0.29848484848484846
766,11.61,Clear,High,Morning,Car,19,1.0,67,86,0.17328358208955222
907,16.44,Windy,High,Afternoon,Car,8,0.0,80,88,0.20550000000000002
836,8.67,Rainy,High,Afternoon,Bike,12,7.0,104,116,0.08336538461538462
888,5.14,Clear,Medium,Evening,Scooter,23,7.0,43,66,0.11953488372093023
130,10.46,Clear,Medium,Evening,Bike,25,3.0,68,93,0.15382352941176472
638,5.23,Clear,Medium,Morning,Scooter,23,2.0,47,70,0.11127659574468086
403,10.35,Clear,Medium,Night,Bike,7,9.0,48,55,0.21562499999999998
785,4.04,Rainy,High,Evening,Bike,14,6.0,39,53,0.10358974358974359
771,2.66,Clear,Low,Afternoon,Bike,16,8.0,21,37,0.12666666666666668
736,17.61,Foggy,Medium,Afternoon,Bike,9,5.0,74,83,0.23797297297297296
914,8.48,Clear,High,Night,Bike,11,5.0,39,50,0.21743589743589745
220,17.06,Clear,Low,Evening,Bike,9,9.0,66,75,0.2584848484848485
642,6.78,Foggy,Low,Night,Bike,18,6.0,42,60,0.16142857142857142
916,9.0,Snowy,Medium,Afternoon,Car,29,3.0,78,107,0.11538461538461539
753,12.74,Clear,Low,Afternoon,Scooter,12,0.0,63,75,0.20222222222222222
807,18.72,Rainy,Medium,Afternoon,Bike,17,0.0,89,106,0.21033707865168538
920,3.23,Clear,Low,Morning,Bike,7,7.0,14,21,0.2307142857142857
625,12.56,Clear,Low,Morning,Car,22,8.0,49,71,0.2563265306122449
875,1.0,Snowy,Medium,Morning,Bike,28,0.0,51,79,0.0196078431372549
761,3.46,Clear,Low,Morning,Bike,24,6.0,37,61,0.09351351351351352
387,6.0,Snowy,Low,Morning,Car,20,8.0,53,73,0.11320754716981132
973,14.79,Clear,Medium,Morning,Scooter,12,9.0,64,76,0.23109375
510,14.65,Snowy,High,Morning,Car,19,3.0,95,114,0.15421052631578946
268,14.2,Clear,Medium,Afternoon,Bike,17,1.0,73,90,0.19452054794520546
820,7.04,Clear,Low,Afternoon,Bike,11,8.0,38,49,0.18526315789473685
442,19.74,Clear,Medium,Afternoon,Car,16,1.0,98,114,0.2014285714285714
497,11.88,Rainy,Medium,Evening,Bike,20,8.0,69,89,0.17217391304347826
113,18.63,Clear,Low,Evening,Bike,26,8.0,75,101,0.24839999999999998
692,8.8,Rainy,Medium,Afternoon,Bike,6,2.0,38,44,0.23157894736842108
233,11.75,Clear,High,Morning,Bike,9,2.0,55,64,0.21363636363636362
870,18.95,Snowy,Low,Morning,Car,27,0.0,92,119,0.20597826086956522
608,7.6,Foggy,Low,Morning,Bike,16,4.0,48,64,0.15833333333333333
672,17.99,Foggy,Low,Morning,Car,11,2.0,84,95,0.21416666666666664
374,13.82,Clear,Medium,Evening,Bike,21,9.0,72,93,0.19194444444444445
982,15.53,Foggy,Low,Evening,Bike,26,7.0,68,94,0.22838235294117645
843,3.97,Clear,High,Afternoon,Bike,19,8.0,40,59,0.09925
234,10.1,Clear,High,Morning,Car,17,6.0,55,72,0.18363636363636363
786,18.21,Foggy,Low,Morning,Bike,5,1.0,70,75,0.2601428571428572
677,2.68,Clear,Low,Morning,Bike,16,8.0,25,41,0.1072
318,3.88,Snowy,Low,Morning,Bike,9,6.0,33,42,0.11757575757575757
649,15.89,Snowy,Medium,Afternoon,Car,15,9.0,91,106,0.17461538461538462
411,6.73,Clear,Medium,Afternoon,Bike,21,1.0,54,75,0.12462962962962963
899,0.75,Clear,Medium,Afternoon,Bike,10,5.0,16,26,0.046875
710,13.79,Rainy,Low,Night,Scooter,11,0.0,69,80,0.1998550724637681
359,18.83,Clear,Medium,Evening,Scooter,5,8.0,69,74,0.27289855072463765
259,11.62,Clear,Low,Afternoon,Bike,9,8.0,33,42,0.3521212121212121
745,5.03,Clear,Medium,Morning,Bike,17,5.0,38,55,0.13236842105263158
628,15.08,Rainy,Medium,Evening,Scooter,26,1.0,94,120,0.16042553191489362
633,10.48,Rainy,Low,Afternoon,Car,10,7.0,45,55,0.2328888888888889
283,7.82,Rainy,Medium,Evening,Bike,16,8.0,45,61,0.17377777777777778
377,16.98,Clear,Low,Morning,Bike,11,6.0,78,89,0.21769230769230768
385,14.83,Rainy,Low,Morning,Car,19,4.0,126,145,0.1176984126984127
225,5.67,Clear,Low,Morning,Scooter,11,9.0,27,38,0.21
954,18.33,Snowy,Medium,Morning,Scooter,5,5.0,67,72,0.2735820895522388
815,17.46,Clear,Medium,Morning,Scooter,6,5.0,62,68,0.28161290322580645
473,1.34,Foggy,High,Evening,Bike,9,5.0,30,39,0.04466666666666667
348,1.38,Clear,Low,Morning,Scooter,13,9.0,17,30,0.0811764705882353
506,3.67,Clear,Low,Morning,Bike,9,0.0,26,35,0.14115384615384616
640,7.86,Windy,Medium,Morning,Car,22,2.0,55,77,0.1429090909090909
988,8.98,Clear,Medium,Afternoon,Scooter,22,8.0,105,127,0.08552380952380953
929,12.85,Rainy,Medium,Evening,Scooter,6,7.0,61,67,0.21065573770491802
906,17.91,Clear,Low,Afternoon,Bike,6,7.0,68,74,0.26338235294117646
620,15.09,Snowy,Low,Morning,Car,20,7.0,68,88,0.22191176470588236
856,4.22,Clear,Medium,Morning,Bike,16,7.0,35,51,0.12057142857142857
804,12.33,Clear,High,Night,Bike,7,2.0,101,108,0.12207920792079208
646,17.87,Snowy,Low,Morning,Scooter,29,4.0,87,116,0.20540229885057473
847,2.16,Clear,Medium,Night,Car,10,1.0,23,33,0.09391304347826088
557,3.11,Rainy,Medium,Morning,Scooter,21,1.0,43,64,0.07232558139534884
958,1.42,Clear,High,Afternoon,Scooter,24,2.0,40,64,0.0355
578,18.57,Rainy,Medium,Afternoon,Bike,16,7.0,89,105,0.20865168539325843
796,17.51,Clear,Medium,Evening,Bike,15,3.0,60,75,0.29183333333333333
86,6.84,Clear,Medium,Evening,Bike,25,1.0,51,76,0.13411764705882354
243,18.34,Snowy,Medium,Afternoon,Scooter,22,5.0,91,113,0.20153846153846153
699,3.51,Windy,Medium,Night,Bike,22,2.0,44,66,0.07977272727272727
160,14.7,Clear,Medium,Morning,Scooter,6,2.0,58,64,0.253448275862069
525,16.85,Clear,High,Morning,Car,17,4.0,71,88,0.23732394366197185
36,16.26,Rainy,Low,Morning,Car,27,5.0,66,93,0.2463636363636364
541,19.1,Snowy,Medium,Morning,Bike,25,6.0,90,115,0.21222222222222223
171,13.71,Rainy,Medium,Evening,Bike,22,9.0,64,86,0.21421875
655,8.92,Clear,Medium,Morning,Bike,10,1.0,51,61,0.17490196078431372
891,14.58,Clear,Low,Evening,Bike,23,0.0,70,93,0.2082857142857143
858,9.71,Clear,Low,Afternoon,Car,27,5.0,61,88,0.15918032786885247
848,19.94,Clear,Low,Afternoon,Bike,26,6.0,83,109,0.2402409638554217
945,4.53,Snowy,Medium,Morning,Scooter,18,4.0,49,67,0.09244897959183673
734,10.7,Clear,High,Afternoon,Car,8,4.0,57,65,0.18771929824561404
96,10.13,Clear,Medium,Evening,Bike,22,0.0,65,87,0.15584615384615386
564,0.78,Clear,Low,Afternoon,Bike,11,0.0,18,29,0.043333333333333335
241,18.84,Foggy,Medium,Afternoon,Scooter,25,8.0,88,113,0.21409090909090908
743,15.08,Snowy,Low,Evening,Bike,29,7.0,84,113,0.17952380952380953
575,17.32,Clear,Low,Evening,Scooter,10,3.0,77,87,0.22493506493506493
691,6.81,Clear,Medium,Evening,Bike,23,2.0,47,70,0.1448936170212766
461,2.79,Clear,High,Morning,Bike,23,7.0,38,61,0.07342105263157894
554,11.44,Foggy,High,Afternoon,Car,14,4.0,74,88,0.1545945945945946
889,2.44,Snowy,High,Evening,Bike,13,9.0,39,52,0.06256410256410257
207,2.48,Rainy,Low,Evening,Scooter,20,8.0,30,50,0.08266666666666667
393,7.75,Clear,Medium,Evening,Scooter,21,1.0,55,76,0.1409090909090909
795,0.85,Clear,Medium,Morning,Bike,9,8.0,17,26,0.049999999999999996
398,8.87,Clear,Low,Evening,Bike,19,3.0,55,74,0.16127272727272726
767,15.37,Snowy,Medium,Afternoon,Car,15,5.0,66,81,0.23287878787878788
849,10.29,Foggy,Medium,Evening,Scooter,25,4.0,67,92,0.1535820895522388
218,15.06,Rainy,Low,Morning,Bike,22,4.0,65,87,0.2316923076923077
5,3.54,Foggy,Low,Morning,Bike,23,7.0,37,60,0.09567567567567567
769,7.17,Clear,Medium,Morning,Scooter,7,9.0,29,36,0.24724137931034482
643,4.62,Rainy,Medium,Afternoon,Car,8,3.0,33,41,0.14
930,5.53,Clear,Low,Morning,Car,10,8.0,27,37,0.2048148148148148
613,12.74,Rainy,Low,Afternoon,Bike,17,9.0,63,80,0.20222222222222222
739,9.06,Clear,High,Evening,Bike,26,3.0,61,87,0.14852459016393443
547,2.71,Foggy,Low,Morning,Bike,6,0.0,28,34,0.09678571428571428
726,16.92,Clear,Low,Night,Bike,23,5.0,78,101,0.21692307692307694
684,13.54,Foggy,Low,Morning,Bike,11,1.0,54,65,0.2507407407407407
99,1.0,Snowy,Medium,Morning,Bike,25,4.0,44,69,0.022727272727272728
805,8.77,Clear,Medium,Morning,Car,12,2.0,42,54,0.2088095238095238
728,16.01,Windy,Low,Morning,Car,28,0.0,84,112,0.19059523809523812
574,12.63,Foggy,Medium,Night,Scooter,8,8.0,49,57,0.25775510204081636
407,8.09,Foggy,Low,Evening,Car,22,2.0,56,78,0.1444642857142857
503,6.54,Clear,Medium,Night,Bike,10,7.0,39,49,0.1676923076923077
48,10.64,Clear,Medium,Afternoon,Scooter,14,5.0,45,59,0.23644444444444446
33,1.77,Clear,Medium,Evening,Bike,14,9.0,22,36,0.08045454545454546
780,13.0,Foggy,Low,Evening,Bike,25,7.0,77,102,0.16883116883116883
840,12.83,Clear,Low,Evening,Bike,5,8.0,50,55,0.2566
201,13.02,Snowy,High,Afternoon,Car,6,9.0,65,71,0.2003076923076923
135,18.89,Rainy,Medium,Morning,Scooter,22,1.0,74,96,0.25527027027027027
28,10.53,Foggy,High,Evening,Bike,25,8.0,72,97,0.14625
881,5.01,Rainy,Low,Afternoon,Bike,10,5.0,31,41,0.16161290322580643
231,16.0,Foggy,Medium,Afternoon,Scooter,13,3.0,65,78,0.24615384615384617
490,17.86,Clear,Low,Afternoon,Scooter,16,8.0,83,99,0.21518072289156626
773,2.99,Foggy,High,Afternoon,Bike,9,5.0,90,99,0.03322222222222222
379,16.38,Clear,Medium,Morning,Bike,6,2.0,51,57,0.3211764705882353
289,6.09,Clear,Medium,Night,Bike,7,4.0,27,34,0.22555555555555554
419,13.61,Clear,Low,Morning,Bike,26,0.0,66,92,0.2062121212121212
675,8.5,Snowy,High,Evening,Bike,14,7.0,56,70,0.15178571428571427
392,8.55,Clear,Low,Evening,Scooter,28,8.0,46,74,0.1858695652173913
593,4.05,Clear,Medium,Afternoon,Scooter,21,5.0,39,60,0.10384615384615384
499,19.5,Clear,High,Morning,Bike,18,2.0,73,91,0.2671232876712329
139,7.59,Clear,Medium,Afternoon,Scooter,16,3.0,37,53,0.20513513513513512
63,16.66,Snowy,High,Afternoon,Scooter,29,7.0,95,124,0.1753684210526316
472,19.41,Snowy,High,Evening,Car,21,3.0,100,121,0.1941
648,13.74,Foggy,Medium,Afternoon,Bike,6,1.0,56,62,0.24535714285714286
129,0.64,Clear,High,Night,Bike,10,3.0,24,34,0.02666666666666667
977,12.1,Clear,High,Afternoon,Bike,11,0.0,53,64,0.22830188679245284
521,12.09,Clear,Medium,Morning,Car,13,1.0,60,73,0.20149999999999998
839,11.82,Windy,Medium,Night,Bike,24,7.0,77,101,0.1535064935064935
963,5.28,Foggy,Low,Morning,Bike,27,6.0,53,80,0.09962264150943397
65,5.98,Clear,Low,Evening,Car,22,9.0,35,57,0.17085714285714287
813,2.93,Clear,Medium,Morning,Bike,24,8.0,94,118,0.03117021276595745
15,4.05,Snowy,Medium,Evening,Scooter,19,2.0,50,69,0.081
157,13.61,Clear,Low,Morning,Scooter,12,2.0,43,55,0.31651162790697673
41,2.88,Rainy,Medium,Morning,Car,16,4.0,41,57,0.07024390243902438
493,5.91,Clear,Medium,Evening,Scooter,29,4.0,57,86,0.1036842105263158
380,6.0,Rainy,Medium,Evening,Scooter,21,2.0,47,68,0.1276595744680851
188,11.33,Clear,Medium,Afternoon,Scooter,29,7.0,77,106,0.14714285714285713
764,15.01,Clear,Medium,Morning,Bike,15,6.0,64,79,0.23453125
217,6.85,Clear,High,Morning,Bike,16,5.0,48,64,0.14270833333333333
792,11.93,Snowy,High,Morning,Car,7,1.0,75,82,0.15906666666666666
53,18.82,Windy,Low,Morning,Car,5,3.0,77,82,0.24441558441558442
879,1.03,Clear,Medium,Afternoon,Bike,19,4.0,29,48,0.035517241379310345
338,14.22,Rainy,Medium,Evening,Car,25,8.0,84,109,0.1692857142857143
749,18.18,Snowy,High,Morning,Bike,17,3.0,85,102,0.21388235294117647
720,14.75,Clear,Low,Morning,Car,10,7.0,62,72,0.23790322580645162
725,11.7,Rainy,Low,Afternoon,Bike,17,5.0,60,77,0.19499999999999998
296,10.68,Clear,Low,Morning,Bike,14,1.0,42,56,0.2542857142857143
702,1.51,Clear,High,Evening,Bike,26,1.0,44,70,0.03431818181818182
252,8.01,Clear,High,Morning,Bike,8,6.0,48,56,0.166875
727,3.23,Rainy,Low,Morning,Car,25,7.0,42,67,0.0769047619047619
462,13.16,Rainy,High,Morning,Scooter,25,8.0,68,93,0.1935294117647059
456,10.11,Windy,Low,Morning,Bike,11,4.0,44,55,0.22977272727272727
997,18.39,Windy,Low,Afternoon,Bike,24,6.0,74,98,0.24851351351351353
816,10.62,Windy,Medium,Afternoon,Car,22,5.0,54,76,0.19666666666666666
863,10.73,Clear,Medium,Afternoon,Bike,7,5.0,57,64,0.18824561403508772
270,6.23,Clear,Medium,Evening,Car,20,1.0,51,71,0.12215686274509804
202,2.14,Clear,Low,Afternoon,Bike,25,1.0,36,61,0.059444444444444446
162,12.83,Clear,Medium,Morning,Bike,19,2.0,76,95,0.16881578947368422
556,8.37,Clear,High,Evening,Scooter,13,7.0,42,55,0.19928571428571426
730,3.69,Rainy,Medium,Afternoon,Bike,8,8.0,27,35,0.13666666666666666
402,18.1,Clear,Low,Morning,Scooter,8,5.0,77,85,0.2350649350649351
703,7.06,Clear,Low,Afternoon,Scooter,26,5.0,51,77,0.1384313725490196
477,1.94,Foggy,Low,Night,Bike,10,1.0,25,35,0.0776
822,0.59,Clear,Low,Afternoon,Bike,21,0.0,27,48,0.02185185185185185
772,17.01,Snowy,Low,Night,Bike,28,6.0,97,125,0.17536082474226805
106,5.36,Clear,Low,Afternoon,Scooter,11,4.0,30,41,0.17866666666666667
566,12.0,Clear,Low,Evening,Car,25,0.0,75,100,0.16
390,16.23,Clear,Medium,Evening,Bike,6,0.0,54,60,0.3005555555555556
2,19.04,Rainy,Low,Evening,Car,12,6.0,60,72,0.3173333333333333
938,18.33,Foggy,Medium,Morning,Scooter,19,0.0,98,117,0.1870408163265306
983,2.58,Clear,Medium,Morning,Scooter,25,7.0,37,62,0.06972972972972973
562,4.65,Clear,Medium,Evening,Bike,21,1.0,46,67,0.10108695652173914
81,17.33,Snowy,Low,Evening,Scooter,12,3.0,79,91,0.2193670886075949
206,0.68,Snowy,High,Evening,Bike,29,8.0,50,79,0.013600000000000001
35,19.33,Clear,Medium,Morning,Bike,7,8.0,73,80,0.26479452054794517
776,3.42,Clear,Medium,Night,Car,11,9.0,24,35,0.1425
509,19.02,Rainy,High,Evening,Scooter,22,1.0,106,128,0.17943396226415093
428,17.81,Windy,High,Evening,Bike,21,4.0,122,143,0.14598360655737705
455,2.67,Clear,Medium,Night,Car,17,6.0,28,45,0.09535714285714285
367,19.24,Snowy,Low,Morning,Bike,26,1.0,114,140,0.16877192982456138
92,14.41,Rainy,Medium,Night,Bike,16,6.0,85,101,0.16952941176470587
340,2.41,Clear,Medium,Evening,Bike,15,9.0,25,40,0.0964
898,17.98,Clear,Low,Evening,Bike,5,8.0,45,50,0.39955555555555555
565,7.34,Foggy,Medium,Afternoon,Bike,22,5.0,93,115,0.0789247311827957
346,12.51,Clear,Medium,Evening,Bike,18,5.0,62,80,0.2017741935483871
777,4.97,Rainy,Low,Evening,Bike,17,9.0,34,51,0.1461764705882353
242,19.1,Snowy,Low,Afternoon,Bike,18,1.0,101,119,0.1891089108910891
14,4.64,Clear,Low,Afternoon,Bike,15,9.0,24,39,0.19333333333333333
316,14.07,Rainy,Low,Evening,Bike,10,5.0,63,73,0.22333333333333333
601,3.79,Clear,Medium,Morning,Bike,13,2.0,34,47,0.11147058823529411
388,3.96,Clear,Medium,Afternoon,Bike,23,5.0,44,67,0.09
274,18.31,Clear,Medium,Afternoon,Bike,25,3.0,79,104,0.23177215189873415
167,6.76,Foggy,Medium,Night,Bike,7,6.0,42,49,0.16095238095238096
841,0.76,Clear,Low,Afternoon,Car,26,9.0,28,54,0.027142857142857142
993,5.81,Rainy,Medium,Evening,Bike,14,8.0,41,55,0.14170731707317072
647,12.08,Clear,High,Afternoon,Scooter,16,4.0,60,76,0.20133333333333334
819,1.57,Rainy,Low,Evening,Car,16,1.0,30,46,0.052333333333333336
485,11.89,Clear,Medium,Afternoon,Bike,28,0.0,79,107,0.15050632911392406
981,7.02,Clear,Medium,Evening,Car,23,2.0,53,76,0.13245283018867923
505,13.85,Clear,Low,Evening,Bike,29,5.0,71,100,0.19507042253521126
832,9.32,Rainy,Medium,Evening,Scooter,24,2.0,71,95,0.13126760563380283
244,7.72,Foggy,High,Evening,Bike,19,4.0,64,83,0.120625
567,8.15,Rainy,Low,Afternoon,Bike,26,2.0,50,76,0.163
876,3.54,Rainy,Medium,Afternoon,Scooter,17,4.0,41,58,0.08634146341463415
563,3.16,Snowy,Low,Morning,Car,9,5.0,27,36,0.11703703703703704
687,11.65,Windy,Low,Night,Bike,10,3.0,53,63,0.219811320754717
190,5.22,Snowy,Medium,Morning,Scooter,14,3.0,43,57,0.1213953488372093
783,5.41,Clear,High,Morning,Scooter,17,6.0,38,55,0.1423684210526316
700,9.88,Rainy,Medium,Morning,Car,7,0.0,43,50,0.22976744186046513
476,19.86,Rainy,High,Evening,Bike,12,8.0,71,83,0.2797183098591549
682,5.53,Windy,High,Morning,Bike,23,4.0,59,82,0.09372881355932204
511,12.46,Foggy,Low,Afternoon,Bike,10,1.0,62,72,0.2009677419354839
59,1.38,Clear,Medium,Morning,Car,6,3.0,17,23,0.0811764705882353
475,10.79,Clear,Medium,Evening,Scooter,24,1.0,65,89,0.16599999999999998
561,14.23,Clear,Medium,Afternoon,Scooter,23,7.0,70,93,0.2032857142857143
857,1.21,Snowy,Low,Afternoon,Bike,22,1.0,39,61,0.031025641025641024
748,11.1,Clear,Low,Afternoon,Bike,18,7.0,56,74,0.1982142857142857
253,17.1,Clear,Medium,Evening,Bike,25,5.0,65,90,0.2630769230769231
22,3.22,Clear,Medium,Afternoon,Bike,19,9.0,32,51,0.100625
314,19.27,Foggy,Medium,Morning,Car,29,9.0,85,114,0.22670588235294117
460,2.82,Rainy,Medium,Evening,Scooter,10,1.0,29,39,0.09724137931034482
161,7.67,Foggy,Medium,Afternoon,Scooter,22,8.0,59,81,0.13
277,16.07,Clear,Medium,Evening,Bike,16,5.0,64,80,0.25109375
956,7.97,Windy,Medium,Evening,Scooter,9,8.0,35,44,0.2277142857142857
192,18.0,Rainy,High,Night,Car,22,5.0,98,120,0.1836734693877551
386,16.17,Clear,Medium,Evening,Scooter,12,2.0,78,90,0.20730769230769233
806,14.86,Clear,High,Night,Scooter,15,4.0,91,106,0.1632967032967033
414,11.68,Clear,Medium,Afternoon,Scooter,25,7.0,70,95,0.16685714285714284
492,12.59,Clear,Low,Evening,Scooter,10,2.0,39,49,0.32282051282051283
344,8.96,Snowy,Medium,Morning,Car,6,5.0,51,57,0.17568627450980392
770,16.51,Clear,Medium,Morning,Bike,7,1.0,79,86,0.20898734177215192
309,16.01,Clear,Low,Afternoon,Car,12,4.0,72,84,0.22236111111111112
662,19.74,Rainy,High,Afternoon,Scooter,11,7.0,81,92,0.24370370370370367
131,8.64,Snowy,Low,Evening,Bike,29,4.0,62,91,0.13935483870967744
664,5.13,Clear,Medium,Morning,Car,16,1.0,38,54,0.135
872,5.78,Clear,High,Morning,Bike,11,5.0,38,49,0.15210526315789474
100,2.6,Clear,Low,Afternoon,Bike,16,1.0,29,45,0.0896551724137931
373,2.34,Foggy,Medium,Morning,Bike,8,2.0,28,36,0.08357142857142856
88,12.93,Clear,Medium,Morning,Scooter,20,8.0,58,78,0.2229310344827586
459,1.6,Clear,Medium,Evening,Bike,14,8.0,24,38,0.06666666666666667
331,7.44,Rainy,Low,Evening,Bike,27,5.0,53,80,0.14037735849056604
215,14.39,Rainy,Medium,Morning,Scooter,6,5.0,50,56,0.2878
467,6.07,Clear,Low,Afternoon,Bike,18,4.0,35,53,0.17342857142857143
122,17.97,Windy,Medium,Morning,Scooter,28,7.0,92,120,0.19532608695652173
615,17.53,Clear,Low,Afternoon,Bike,14,6.0,79,93,0.2218987341772152
21,12.43,Rainy,High,Morning,Bike,13,6.0,70,83,0.17757142857142857
701,10.89,Windy,Medium,Evening,Bike,7,0.0,58,65,0.18775862068965518
72,4.37,Clear,Medium,Evening,Scooter,6,7.0,25,31,0.1748
107,8.5,Clear,High,Evening,Car,13,3.0,54,67,0.1574074074074074
271,16.28,Rainy,Low,Morning,Scooter,8,9.0,71,79,0.22929577464788733
861,15.62,Snowy,High,Evening,Scooter,26,2.0,81,107,0.1928395061728395
436,14.17,Clear,Low,Afternoon,Bike,8,0.0,55,63,0.2576363636363636
103,6.63,Foggy,Low,Night,Scooter,24,3.0,58,82,0.1143103448275862
